filename,damage_area_ratio,severity,num_regions_detected,gt_boxes,best_iou,mean_iou,processing_time_sec,method
potholes0.png,0.022259,Medium,14,12,0.3753,0.1,0.02,graphcut
potholes1.png,0.0,Low,0,2,0.0,0.0,5.171,graphcut
potholes10.png,0.0,Low,0,2,0.0,0.0,11.621,graphcut
potholes100.png,0.0,Low,0,1,0.0,0.0,6.3,graphcut
potholes101.png,0.0,Low,0,2,0.0,0.0,3.684,graphcut
potholes102.png,0.0,Low,0,1,0.0,0.0,6.408,graphcut
potholes103.png,0.0,Low,0,3,0.0,0.0,5.009,graphcut
potholes104.png,0.0,Low,0,2,0.0,0.0,4.386,graphcut
potholes105.png,0.028725,Medium,5,8,0.0,0.0,5.939,graphcut
potholes106.png,0.013183,Low,4,1,0.0151,0.0151,0.015,graphcut
potholes107.png,0.0,Low,0,2,0.0,0.0,4.549,graphcut
potholes108.png,0.0,Low,0,13,0.0,0.0,6.302,graphcut
potholes109.png,0.0,Low,0,3,0.0,0.0,2.644,graphcut
potholes11.png,0.0,Low,0,2,0.0,0.0,14.328,graphcut
potholes110.png,0.003767,Low,1,2,0.0,0.0,7.642,graphcut
potholes111.png,0.0,Low,0,1,0.0,0.0,13.776,graphcut
potholes112.png,0.0,Low,0,1,0.0,0.0,5.231,graphcut
potholes113.png,0.0,Low,0,3,0.0,0.0,4.726,graphcut
potholes114.png,0.0,Low,0,3,0.0,0.0,14.725,graphcut
potholes115.png,0.0,Low,0,1,0.0,0.0,13.028,graphcut
potholes116.png,0.0,Low,0,2,0.0,0.0,0.034,graphcut
potholes117.png,0.0,Low,0,2,0.0,0.0,13.058,graphcut
potholes118.png,0.0,Low,0,1,0.0,0.0,0.03,graphcut
potholes119.png,0.0,Low,0,1,0.0,0.0,12.143,graphcut
potholes12.png,0.0,Low,0,5,0.0,0.0,4.928,graphcut
potholes120.png,0.000906,Low,1,3,0.0168,0.0056,0.022,graphcut
potholes121.png,0.0,Low,0,15,0.0,0.0,3.575,graphcut
potholes122.png,0.0,Low,0,2,0.0,0.0,10.653,graphcut
potholes123.png,0.001862,Low,2,3,0.0,0.0,0.022,graphcut
potholes124.png,0.0,Low,0,1,0.0,0.0,5.959,graphcut
potholes125.png,0.0,Low,0,2,0.0,0.0,3.679,graphcut
potholes126.png,0.0,Low,0,5,0.0,0.0,3.51,graphcut
potholes127.png,0.0,Low,0,3,0.0,0.0,10.591,graphcut
potholes128.png,0.0,Low,0,1,0.0,0.0,10.665,graphcut
potholes129.png,0.0,Low,0,1,0.0,0.0,3.366,graphcut
potholes13.png,0.0,Low,0,2,0.0,0.0,4.278,graphcut
potholes130.png,0.0,Low,0,1,0.0,0.0,4.787,graphcut
potholes131.png,0.007369,Low,1,1,0.0,0.0,10.019,graphcut
potholes132.png,0.0,Low,0,2,0.0,0.0,0.03,graphcut
potholes133.png,0.0,Low,0,1,0.0,0.0,10.637,graphcut
potholes134.png,0.0,Low,0,1,0.0,0.0,11.282,graphcut
potholes135.png,0.0,Low,0,2,0.0,0.0,11.307,graphcut
potholes136.png,0.003331,Low,3,3,0.0,0.0,0.025,graphcut
potholes137.png,0.0,Low,0,1,0.0,0.0,3.246,graphcut
potholes138.png,0.0,Low,0,1,0.0,0.0,5.007,graphcut
potholes139.png,0.0,Low,0,2,0.0,0.0,9.786,graphcut
potholes14.png,0.0,Low,0,5,0.0,0.0,9.904,graphcut
potholes140.png,0.0,Low,0,1,0.0,0.0,10.063,graphcut
potholes141.png,0.0,Low,0,1,0.0,0.0,4.765,graphcut
potholes142.png,0.0,Low,0,6,0.0,0.0,4.485,graphcut
potholes143.png,0.0,Low,0,1,0.0,0.0,3.02,graphcut
potholes144.png,0.0,Low,0,9,0.0,0.0,5.506,graphcut
potholes145.png,0.0,Low,0,3,0.0,0.0,3.108,graphcut
potholes146.png,0.0,Low,0,2,0.0,0.0,4.424,graphcut
potholes147.png,0.0,Low,0,2,0.0,0.0,4.369,graphcut
potholes148.png,0.0,Low,0,3,0.0,0.0,5.716,graphcut
potholes149.png,0.0,Low,0,7,0.0,0.0,4.522,graphcut
potholes15.png,0.0,Low,0,1,0.0,0.0,4.446,graphcut
potholes150.png,0.002012,Low,1,1,0.0047,0.0047,0.017,graphcut
potholes151.png,0.0,Low,0,1,0.0,0.0,6.765,graphcut
potholes152.png,0.0,Low,0,2,0.0,0.0,0.029,graphcut
potholes153.png,0.0,Low,0,4,0.0,0.0,5.657,graphcut
potholes154.png,0.0,Low,0,9,0.0,0.0,4.452,graphcut
potholes155.png,0.0,Low,0,1,0.0,0.0,0.022,graphcut
potholes156.png,0.005691,Low,5,1,0.0042,0.0042,0.013,graphcut
potholes157.png,0.0,Low,0,1,0.0,0.0,0.022,graphcut
potholes158.png,0.00495,Low,2,2,0.0985,0.0493,0.022,graphcut
potholes159.png,0.002825,Low,3,1,0.0,0.0,0.02,graphcut
potholes16.png,0.01752,Low,11,1,0.0726,0.0726,0.011,graphcut
potholes160.png,0.0,Low,0,1,0.0,0.0,9.874,graphcut
potholes161.png,0.0,Low,0,3,0.0,0.0,9.608,graphcut
potholes162.png,0.0,Low,0,10,0.0,0.0,4.615,graphcut
potholes163.png,0.003081,Low,2,4,0.0,0.0,9.658,graphcut
potholes164.png,0.0,Low,0,1,0.0,0.0,9.827,graphcut
potholes165.png,0.013709,Low,2,3,0.0,0.0,2.503,graphcut
potholes166.png,0.0,Low,0,1,0.0,0.0,9.6,graphcut
potholes167.png,0.0,Low,0,12,0.0,0.0,3.191,graphcut
potholes168.png,0.0,Low,0,2,0.0,0.0,4.803,graphcut
potholes169.png,0.0,Low,0,2,0.0,0.0,9.669,graphcut
potholes17.png,0.0,Low,0,1,0.0,0.0,4.297,graphcut
potholes170.png,0.0,Low,0,1,0.0,0.0,4.487,graphcut
potholes171.png,0.0,Low,0,3,0.0,0.0,4.395,graphcut
potholes172.png,0.0,Low,0,4,0.0,0.0,0.021,graphcut
potholes173.png,0.001244,Low,1,1,0.0,0.0,0.024,graphcut
potholes174.png,0.0,Low,0,4,0.0,0.0,4.291,graphcut
potholes175.png,0.0,Low,0,3,0.0,0.0,9.796,graphcut
potholes176.png,0.005069,Low,2,1,0.0,0.0,9.325,graphcut
potholes177.png,0.0,Low,0,10,0.0,0.0,8.018,graphcut
potholes178.png,0.0,Low,0,2,0.0,0.0,9.604,graphcut
potholes179.png,0.0,Low,0,3,0.0,0.0,0.02,graphcut
potholes18.png,0.0,Low,0,1,0.0,0.0,1.908,graphcut
potholes180.png,0.0,Low,0,1,0.0,0.0,9.762,graphcut
potholes181.png,0.0,Low,0,1,0.0,0.0,2.578,graphcut
potholes182.png,0.0,Low,0,1,0.0,0.0,3.128,graphcut
potholes183.png,0.0,Low,0,1,0.0,0.0,4.221,graphcut
potholes184.png,0.0,Low,0,2,0.0,0.0,5.531,graphcut
potholes185.png,0.0,Low,0,4,0.0,0.0,2.87,graphcut
potholes186.png,0.0,Low,0,3,0.0,0.0,4.65,graphcut
potholes187.png,0.0,Low,0,3,0.0,0.0,5.554,graphcut
potholes188.png,0.0,Low,0,1,0.0,0.0,3.192,graphcut
potholes189.png,0.0,Low,0,2,0.0,0.0,3.049,graphcut
potholes19.png,0.055539,Medium,5,2,0.0218,0.0109,3.532,graphcut
potholes190.png,0.0,Low,0,2,0.0,0.0,4.362,graphcut
potholes191.png,0.000781,Low,1,1,0.0,0.0,0.019,graphcut
potholes192.png,0.0,Low,0,2,0.0,0.0,9.599,graphcut
potholes193.png,0.0,Low,0,5,0.0,0.0,4.298,graphcut
potholes194.png,0.000762,Low,1,2,0.0,0.0,0.019,graphcut
potholes195.png,0.0,Low,0,1,0.0,0.0,9.619,graphcut
potholes196.png,0.000962,Low,1,2,0.0,0.0,0.028,graphcut
potholes197.png,0.0,Low,0,1,0.0,0.0,4.424,graphcut
potholes198.png,0.0,Low,0,2,0.0,0.0,4.361,graphcut
potholes199.png,0.0,Low,0,3,0.0,0.0,9.566,graphcut
potholes2.png,0.001212,Low,1,2,0.0115,0.0057,0.02,graphcut
potholes20.png,0.0,Low,0,2,0.0,0.0,5.045,graphcut
potholes200.png,0.0,Low,0,2,0.0,0.0,9.469,graphcut
potholes201.png,0.0,Low,0,2,0.0,0.0,9.447,graphcut
potholes202.png,0.0,Low,0,6,0.0,0.0,5.637,graphcut
potholes203.png,0.032958,Medium,13,3,0.1206,0.0633,0.01,graphcut
potholes204.png,0.0,Low,0,1,0.0,0.0,9.583,graphcut
potholes205.png,0.0,Low,0,6,0.0,0.0,4.491,graphcut
potholes206.png,0.0,Low,0,4,0.0,0.0,4.446,graphcut
potholes207.png,0.0,Low,0,2,0.0,0.0,9.434,graphcut
potholes208.png,0.0,Low,0,1,0.0,0.0,9.934,graphcut
potholes209.png,0.0,Low,0,3,0.0,0.0,9.768,graphcut
potholes21.png,0.0,Low,0,3,0.0,0.0,4.263,graphcut
potholes210.png,0.0,Low,0,5,0.0,0.0,9.355,graphcut
potholes211.png,0.0,Low,0,1,0.0,0.0,9.545,graphcut
potholes212.png,0.0,Low,0,2,0.0,0.0,9.928,graphcut
potholes213.png,0.0,Low,0,1,0.0,0.0,4.353,graphcut
potholes214.png,0.0,Low,0,12,0.0,0.0,1.364,graphcut
potholes215.png,0.0,Low,0,2,0.0,0.0,9.26,graphcut
potholes216.png,0.0,Low,0,3,0.0,0.0,4.26,graphcut
potholes217.png,0.0,Low,0,4,0.0,0.0,4.281,graphcut
potholes218.png,0.0,Low,0,1,0.0,0.0,4.896,graphcut
potholes219.png,0.0,Low,0,2,0.0,0.0,3.549,graphcut
potholes22.png,0.0,Low,0,1,0.0,0.0,2.461,graphcut
potholes220.png,0.0,Low,0,1,0.0,0.0,5.637,graphcut
potholes221.png,0.0,Low,0,1,0.0,0.0,2.795,graphcut
potholes222.png,0.0,Low,0,1,0.0,0.0,6.271,graphcut
potholes223.png,0.0,Low,0,2,0.0,0.0,2.695,graphcut
potholes224.png,0.0,Low,0,1,0.0,0.0,4.501,graphcut
potholes225.png,0.008958,Low,1,3,0.0,0.0,5.279,graphcut
potholes226.png,0.019133,Low,2,2,0.2385,0.1193,5.318,graphcut
potholes227.png,0.0,Low,0,2,0.0,0.0,3.14,graphcut
potholes228.png,0.0,Low,0,1,0.0,0.0,9.672,graphcut
potholes229.png,0.0,Low,0,1,0.0,0.0,3.111,graphcut
potholes23.png,0.0,Low,0,1,0.0,0.0,3.831,graphcut
potholes230.png,0.002219,Low,1,1,0.0138,0.0138,0.023,graphcut
potholes231.png,0.0,Low,0,1,0.0,0.0,0.025,graphcut
potholes232.png,0.001056,Low,1,1,0.0,0.0,0.021,graphcut
potholes233.png,0.0,Low,0,2,0.0,0.0,9.571,graphcut
potholes234.png,0.0,Low,0,2,0.0,0.0,3.131,graphcut
potholes235.png,0.0,Low,0,1,0.0,0.0,10.075,graphcut
potholes236.png,0.0,Low,0,1,0.0,0.0,9.941,graphcut
potholes237.png,0.001875,Low,2,3,0.0319,0.0106,0.027,graphcut
potholes238.png,0.0,Low,0,1,0.0,0.0,2.129,graphcut
potholes239.png,0.0,Low,0,1,0.0,0.0,0.028,graphcut
potholes24.png,0.0,Low,0,1,0.0,0.0,3.255,graphcut
potholes240.png,0.0,Low,0,7,0.0,0.0,6.479,graphcut
potholes241.png,0.0,Low,0,1,0.0,0.0,9.782,graphcut
potholes242.png,0.0,Low,0,2,0.0,0.0,9.722,graphcut
potholes243.png,0.0,Low,0,1,0.0,0.0,9.698,graphcut
potholes244.png,0.0,Low,0,1,0.0,0.0,5.63,graphcut
potholes245.png,0.0,Low,0,2,0.0,0.0,10.127,graphcut
potholes246.png,0.0,Low,0,2,0.0,0.0,9.708,graphcut
potholes247.png,0.0,Low,0,1,0.0,0.0,3.085,graphcut
potholes248.png,0.0,Low,0,2,0.0,0.0,9.861,graphcut
potholes249.png,0.0,Low,0,1,0.0,0.0,4.351,graphcut
potholes25.png,0.0,Low,0,4,0.0,0.0,2.697,graphcut
potholes250.png,0.0,Low,0,1,0.0,0.0,9.96,graphcut
potholes251.png,0.0,Low,0,5,0.0,0.0,4.22,graphcut
potholes252.png,0.0,Low,0,6,0.0,0.0,1.961,graphcut
potholes253.png,0.0,Low,0,1,0.0,0.0,5.75,graphcut
potholes254.png,0.0,Low,0,5,0.0,0.0,4.408,graphcut
potholes255.png,0.0,Low,0,5,0.0,0.0,3.179,graphcut
potholes256.png,0.005387,Low,2,1,0.0291,0.0291,0.011,graphcut
potholes257.png,0.0,Low,0,4,0.0,0.0,8.329,graphcut
potholes258.png,0.0,Low,0,1,0.0,0.0,6.11,graphcut
potholes259.png,0.002576,Low,1,1,0.0133,0.0133,3.41,graphcut
potholes26.png,0.0,Low,0,1,0.0,0.0,5.642,graphcut
potholes260.png,0.0,Low,0,1,0.0,0.0,4.487,graphcut
potholes261.png,0.0,Low,0,4,0.0,0.0,5.07,graphcut
potholes262.png,0.0,Low,0,1,0.0,0.0,5.572,graphcut
potholes263.png,0.0,Low,0,1,0.0,0.0,5.595,graphcut
potholes264.png,0.00075,Low,1,1,0.0,0.0,0.029,graphcut
potholes265.png,0.0,Low,0,2,0.0,0.0,9.766,graphcut
potholes266.png,0.0,Low,0,4,0.0,0.0,5.631,graphcut
potholes267.png,0.0,Low,0,1,0.0,0.0,9.611,graphcut
potholes268.png,0.0,Low,0,2,0.0,0.0,9.768,graphcut
potholes269.png,0.0,Low,0,3,0.0,0.0,0.019,graphcut
potholes27.png,0.0,Low,0,1,0.0,0.0,3.737,graphcut
potholes270.png,0.0,Low,0,5,0.0,0.0,5.655,graphcut
potholes271.png,0.0,Low,0,1,0.0,0.0,3.276,graphcut
potholes272.png,0.0,Low,0,1,0.0,0.0,9.88,graphcut
potholes273.png,0.0,Low,0,1,0.0,0.0,9.764,graphcut
potholes274.png,0.002125,Low,2,3,0.0,0.0,9.638,graphcut
potholes275.png,0.0,Low,0,1,0.0,0.0,4.617,graphcut
potholes276.png,0.0,Low,0,1,0.0,0.0,4.541,graphcut
potholes277.png,0.0,Low,0,17,0.0,0.0,2.75,graphcut
potholes278.png,0.0,Low,0,1,0.0,0.0,10.451,graphcut
potholes279.png,0.0,Low,0,1,0.0,0.0,9.765,graphcut
potholes28.png,0.0,Low,0,2,0.0,0.0,9.849,graphcut
potholes280.png,0.004244,Low,4,2,0.0336,0.0168,0.024,graphcut
potholes281.png,0.0165,Low,12,3,0.2309,0.0872,0.012,graphcut
potholes282.png,0.0,Low,0,1,0.0,0.0,9.823,graphcut
potholes283.png,0.0,Low,0,1,0.0,0.0,9.88,graphcut
potholes284.png,0.002612,Low,1,2,0.0,0.0,9.845,graphcut
potholes285.png,0.0,Low,0,1,0.0,0.0,9.917,graphcut
potholes286.png,0.0,Low,0,1,0.0,0.0,9.911,graphcut
potholes287.png,0.000969,Low,1,1,0.0,0.0,0.026,graphcut
potholes288.png,0.017498,Low,2,1,0.3708,0.3708,3.558,graphcut
potholes289.png,0.0,Low,0,1,0.0,0.0,1.873,graphcut
potholes29.png,0.0,Low,0,3,0.0,0.0,9.814,graphcut
potholes290.png,0.025092,Medium,3,1,0.0,0.0,5.117,graphcut
potholes291.png,0.0,Low,0,1,0.0,0.0,4.029,graphcut
potholes292.png,0.002215,Low,1,1,0.0,0.0,4.135,graphcut
potholes293.png,0.0,Low,0,1,0.0,0.0,4.476,graphcut
potholes294.png,0.0,Low,0,18,0.0,0.0,5.515,graphcut
potholes295.png,0.004013,Low,1,3,0.0229,0.0076,3.427,graphcut
potholes296.png,0.0,Low,0,2,0.0,0.0,4.279,graphcut
potholes297.png,0.0,Low,0,2,0.0,0.0,3.291,graphcut
potholes298.png,0.0,Low,0,1,0.0,0.0,9.94,graphcut
potholes299.png,0.0,Low,0,2,0.0,0.0,9.587,graphcut
potholes3.png,0.0,Low,0,2,0.0,0.0,9.486,graphcut
potholes30.png,0.028733,Medium,2,2,0.6009,0.4115,4.123,graphcut
potholes300.png,0.0,Low,0,2,0.0,0.0,0.02,graphcut
potholes301.png,0.005538,Low,3,5,0.0,0.0,0.02,graphcut
potholes302.png,0.001031,Low,1,3,0.0193,0.0064,9.338,graphcut
potholes303.png,0.0,Low,0,2,0.0,0.0,9.797,graphcut
potholes304.png,0.020906,Medium,2,1,0.0,0.0,9.421,graphcut
potholes305.png,0.005844,Low,1,1,0.0,0.0,9.641,graphcut
potholes306.png,0.0,Low,0,1,0.0,0.0,2.656,graphcut
potholes307.png,0.0,Low,0,1,0.0,0.0,4.24,graphcut
potholes308.png,0.0,Low,0,1,0.0,0.0,9.948,graphcut
potholes309.png,0.000978,Low,1,4,0.0,0.0,0.017,graphcut
potholes31.png,0.015637,Low,1,4,0.0,0.0,9.175,graphcut
potholes310.png,0.0,Low,0,5,0.0,0.0,3.215,graphcut
potholes311.png,0.0,Low,0,1,0.0,0.0,3.107,graphcut
potholes312.png,0.0,Low,0,1,0.0,0.0,9.923,graphcut
potholes313.png,0.0,Low,0,3,0.0,0.0,9.802,graphcut
potholes314.png,0.0,Low,0,5,0.0,0.0,4.795,graphcut
potholes315.png,0.0,Low,0,1,0.0,0.0,1.239,graphcut
potholes316.png,0.0,Low,0,2,0.0,0.0,9.713,graphcut
potholes317.png,0.0,Low,0,10,0.0,0.0,3.162,graphcut
potholes318.png,0.0,Low,0,2,0.0,0.0,9.49,graphcut
potholes319.png,0.002988,Low,1,1,0.0,0.0,9.548,graphcut
potholes32.png,0.0,Low,0,2,0.0,0.0,9.716,graphcut
potholes320.png,0.0,Low,0,3,0.0,0.0,5.548,graphcut
potholes321.png,0.0,Low,0,7,0.0,0.0,9.365,graphcut
potholes322.png,0.002338,Low,2,2,0.1967,0.0983,0.021,graphcut
potholes323.png,0.0,Low,0,2,0.0,0.0,4.524,graphcut
potholes324.png,0.0,Low,0,1,0.0,0.0,9.793,graphcut
potholes325.png,0.0,Low,0,1,0.0,0.0,5.344,graphcut
potholes326.png,0.0,Low,0,1,0.0,0.0,4.534,graphcut
potholes327.png,0.0,Low,0,1,0.0,0.0,4.457,graphcut
potholes328.png,0.0,Low,0,1,0.0,0.0,2.979,graphcut
potholes329.png,0.0,Low,0,4,0.0,0.0,5.974,graphcut
potholes33.png,0.0,Low,0,2,0.0,0.0,9.817,graphcut
potholes330.png,0.0,Low,0,5,0.0,0.0,3.997,graphcut
potholes331.png,0.0,Low,0,1,0.0,0.0,5.53,graphcut
potholes332.png,0.0,Low,0,3,0.0,0.0,4.427,graphcut
potholes333.png,0.0,Low,0,1,0.0,0.0,4.333,graphcut
potholes334.png,0.0,Low,0,4,0.0,0.0,4.384,graphcut
potholes335.png,0.0,Low,0,2,0.0,0.0,2.444,graphcut
potholes336.png,0.0,Low,0,3,0.0,0.0,3.032,graphcut
potholes337.png,0.0,Low,0,1,0.0,0.0,4.155,graphcut
potholes338.png,0.0,Low,0,4,0.0,0.0,2.567,graphcut
potholes339.png,0.0,Low,0,2,0.0,0.0,9.843,graphcut
potholes34.png,0.000744,Low,1,2,0.0,0.0,0.025,graphcut
potholes340.png,0.0,Low,0,1,0.0,0.0,9.557,graphcut
potholes341.png,0.0,Low,0,1,0.0,0.0,5.636,graphcut
potholes342.png,0.0,Low,0,1,0.0,0.0,5.099,graphcut
potholes343.png,0.0,Low,0,3,0.0,0.0,9.904,graphcut
potholes344.png,0.019106,Low,4,2,0.0055,0.0028,8.836,graphcut
potholes345.png,0.0,Low,0,4,0.0,0.0,9.6,graphcut
potholes346.png,0.0,Low,0,9,0.0,0.0,3.129,graphcut
potholes347.png,0.0,Low,0,1,0.0,0.0,4.528,graphcut
potholes348.png,0.0,Low,0,1,0.0,0.0,9.697,graphcut
potholes349.png,0.0,Low,0,1,0.0,0.0,9.804,graphcut
potholes35.png,0.000756,Low,1,2,0.0148,0.0074,0.028,graphcut
potholes350.png,0.0,Low,0,5,0.0,0.0,4.485,graphcut
potholes351.png,0.0,Low,0,2,0.0,0.0,9.44,graphcut
potholes352.png,0.0,Low,0,1,0.0,0.0,3.114,graphcut
potholes353.png,0.0,Low,0,3,0.0,0.0,5.004,graphcut
potholes354.png,0.0,Low,0,3,0.0,0.0,4.595,graphcut
potholes355.png,0.0,Low,0,2,0.0,0.0,9.795,graphcut
potholes356.png,0.0,Low,0,2,0.0,0.0,5.501,graphcut
potholes357.png,0.0,Low,0,1,0.0,0.0,5.348,graphcut
potholes358.png,0.0,Low,0,1,0.0,0.0,9.885,graphcut
potholes359.png,0.0,Low,0,1,0.0,0.0,10.075,graphcut
potholes36.png,0.0,Low,0,1,0.0,0.0,10.088,graphcut
potholes360.png,0.003612,Low,3,2,0.0563,0.0282,0.027,graphcut
potholes361.png,0.0,Low,0,1,0.0,0.0,9.447,graphcut
potholes362.png,0.0,Low,0,8,0.0,0.0,3.118,graphcut
potholes363.png,0.0,Low,0,1,0.0,0.0,0.017,graphcut
potholes364.png,0.0,Low,0,3,0.0,0.0,11.217,graphcut
potholes365.png,0.0,Low,0,1,0.0,0.0,5.77,graphcut
potholes366.png,0.04075,Medium,3,4,0.1146,0.0312,6.611,graphcut
potholes367.png,0.0,Low,0,3,0.0,0.0,4.593,graphcut
potholes368.png,0.0,Low,0,13,0.0,0.0,6.146,graphcut
potholes369.png,0.0,Low,0,3,0.0,0.0,5.263,graphcut
potholes37.png,0.0,Low,0,2,0.0,0.0,9.052,graphcut
potholes370.png,0.0,Low,0,5,0.0,0.0,3.143,graphcut
potholes371.png,0.0,Low,0,6,0.0,0.0,2.836,graphcut
potholes372.png,0.0,Low,0,1,0.0,0.0,6.145,graphcut
potholes373.png,0.0,Low,0,1,0.0,0.0,3.592,graphcut
potholes374.png,0.010911,Low,3,1,0.2623,0.2623,0.014,graphcut
potholes375.png,0.0,Low,0,1,0.0,0.0,4.072,graphcut
potholes376.png,0.0,Low,0,2,0.0,0.0,5.268,graphcut
potholes377.png,0.0,Low,0,1,0.0,0.0,3.098,graphcut
potholes378.png,0.0,Low,0,1,0.0,0.0,2.331,graphcut
potholes379.png,0.0,Low,0,1,0.0,0.0,3.025,graphcut
potholes38.png,0.0,Low,0,2,0.0,0.0,2.898,graphcut
potholes380.png,0.0,Low,0,3,0.0,0.0,9.335,graphcut
potholes381.png,0.0,Low,0,1,0.0,0.0,4.84,graphcut
potholes382.png,0.0,Low,0,3,0.0,0.0,4.089,graphcut
potholes383.png,0.0,Low,0,2,0.0,0.0,9.107,graphcut
potholes384.png,0.0,Low,0,2,0.0,0.0,9.256,graphcut
potholes385.png,0.0,Low,0,2,0.0,0.0,9.544,graphcut
potholes386.png,0.000962,Low,1,2,0.0,0.0,0.018,graphcut
potholes387.png,0.0,Low,0,1,0.0,0.0,3.337,graphcut
potholes388.png,0.0,Low,0,1,0.0,0.0,9.036,graphcut
potholes389.png,0.0,Low,0,2,0.0,0.0,9.179,graphcut
potholes39.png,0.0,Low,0,14,0.0,0.0,3.419,graphcut
potholes390.png,0.0,Low,0,3,0.0,0.0,3.98,graphcut
potholes391.png,0.0,Low,0,4,0.0,0.0,5.017,graphcut
potholes392.png,0.0,Low,0,1,0.0,0.0,5.105,graphcut
potholes393.png,0.0,Low,0,3,0.0,0.0,9.65,graphcut
potholes394.png,0.0,Low,0,5,0.0,0.0,2.759,graphcut
potholes395.png,0.0,Low,0,1,0.0,0.0,0.02,graphcut
potholes396.png,0.0,Low,0,10,0.0,0.0,4.844,graphcut
potholes397.png,0.0,Low,0,4,0.0,0.0,9.038,graphcut
potholes398.png,0.0,Low,0,1,0.0,0.0,8.779,graphcut
potholes399.png,0.0,Low,0,2,0.0,0.0,2.875,graphcut
potholes4.png,0.0,Low,0,2,0.0,0.0,4.99,graphcut
potholes40.png,0.002275,Low,1,1,0.0,0.0,8.758,graphcut
potholes400.png,0.0,Low,0,4,0.0,0.0,8.95,graphcut
potholes401.png,0.000944,Low,1,1,0.0503,0.0503,0.018,graphcut
potholes402.png,0.0,Low,0,2,0.0,0.0,4.249,graphcut
potholes403.png,0.0,Low,0,3,0.0,0.0,5.269,graphcut
potholes404.png,0.0,Low,0,1,0.0,0.0,0.019,graphcut
potholes405.png,0.0,Low,0,2,0.0,0.0,3.472,graphcut
potholes406.png,0.0,Low,0,1,0.0,0.0,2.025,graphcut
potholes407.png,0.004217,Low,1,1,0.1677,0.1677,4.698,graphcut
potholes408.png,0.0,Low,0,1,0.0,0.0,2.133,graphcut
potholes409.png,0.0,Low,0,4,0.0,0.0,2.761,graphcut
potholes41.png,0.0,Low,0,1,0.0,0.0,3.371,graphcut
potholes410.png,0.0,Low,0,2,0.0,0.0,1.687,graphcut
potholes411.png,0.0,Low,0,8,0.0,0.0,5.366,graphcut
potholes412.png,0.0025,Low,1,1,0.0,0.0,7.049,graphcut
potholes413.png,0.010306,Low,8,1,0.006,0.006,0.015,graphcut
potholes414.png,0.0,Low,0,1,0.0,0.0,3.974,graphcut
potholes415.png,0.0,Low,0,5,0.0,0.0,4.966,graphcut
potholes416.png,0.0,Low,0,1,0.0,0.0,2.841,graphcut
potholes417.png,0.0,Low,0,5,0.0,0.0,3.988,graphcut
potholes418.png,0.0,Low,0,4,0.0,0.0,2.818,graphcut
potholes419.png,0.011382,Low,4,1,0.0518,0.0518,3.291,graphcut
potholes42.png,0.0,Low,0,9,0.0,0.0,5.076,graphcut
potholes420.png,0.0,Low,0,1,0.0,0.0,8.909,graphcut
potholes421.png,0.003394,Low,3,1,0.0,0.0,0.03,graphcut
potholes422.png,0.0,Low,0,1,0.0,0.0,5.244,graphcut
potholes423.png,0.0,Low,0,1,0.0,0.0,9.356,graphcut
potholes424.png,0.0064,Low,1,1,0.0,0.0,8.976,graphcut
potholes425.png,0.0,Low,0,3,0.0,0.0,3.966,graphcut
potholes426.png,0.0,Low,0,1,0.0,0.0,3.989,graphcut
potholes427.png,0.0,Low,0,7,0.0,0.0,8.903,graphcut
potholes428.png,0.0,Low,0,2,0.0,0.0,9.223,graphcut
potholes429.png,0.0,Low,0,1,0.0,0.0,3.059,graphcut
potholes43.png,0.0,Low,0,2,0.0,0.0,8.838,graphcut
potholes430.png,0.001469,Low,1,2,0.0,0.0,0.019,graphcut
potholes431.png,0.0,Low,0,4,0.0,0.0,2.828,graphcut
potholes432.png,0.0,Low,0,1,0.0,0.0,8.817,graphcut
potholes433.png,0.0,Low,0,8,0.0,0.0,3.972,graphcut
potholes434.png,0.0,Low,0,9,0.0,0.0,5.039,graphcut
potholes435.png,0.002212,Low,2,2,0.0,0.0,0.018,graphcut
potholes436.png,0.0,Low,0,1,0.0,0.0,8.725,graphcut
potholes437.png,0.0,Low,0,4,0.0,0.0,5.309,graphcut
potholes438.png,0.0,Low,0,1,0.0,0.0,9.114,graphcut
potholes439.png,0.0,Low,0,2,0.0,0.0,9.13,graphcut
potholes44.png,0.0,Low,0,1,0.0,0.0,8.958,graphcut
potholes440.png,0.002244,Low,2,3,0.0,0.0,0.023,graphcut
potholes441.png,0.004188,Low,2,3,0.0,0.0,11.969,graphcut
potholes442.png,0.004684,Low,4,1,0.0084,0.0084,0.022,graphcut
potholes443.png,0.0,Low,0,3,0.0,0.0,9.495,graphcut
potholes444.png,0.0011,Low,1,4,0.0,0.0,0.05,graphcut
potholes445.png,0.0,Low,0,6,0.0,0.0,13.206,graphcut
potholes446.png,0.0,Low,0,5,0.0,0.0,13.036,graphcut
potholes447.png,0.0,Low,0,1,0.0,0.0,2.674,graphcut
potholes448.png,0.0,Low,0,2,0.0,0.0,11.546,graphcut
potholes449.png,0.0,Low,0,5,0.0,0.0,2.614,graphcut
potholes45.png,0.0,Low,0,5,0.0,0.0,4.027,graphcut
potholes450.png,0.0,Low,0,1,0.0,0.0,2.662,graphcut
potholes451.png,0.0,Low,0,3,0.0,0.0,3.675,graphcut
potholes452.png,0.0,Low,0,3,0.0,0.0,4.712,graphcut
potholes453.png,0.003983,Low,2,1,0.0367,0.0367,0.008,graphcut
potholes454.png,0.0,Low,0,8,0.0,0.0,4.473,graphcut
potholes455.png,0.0,Low,0,1,0.0,0.0,3.816,graphcut
potholes456.png,0.0,Low,0,2,0.0,0.0,5.171,graphcut
potholes457.png,0.0,Low,0,16,0.0,0.0,5.398,graphcut
potholes458.png,0.0,Low,0,2,0.0,0.0,2.942,graphcut
potholes459.png,0.0,Low,0,3,0.0,0.0,3.292,graphcut
potholes46.png,0.0,Low,0,2,0.0,0.0,3.431,graphcut
potholes460.png,0.0009,Low,1,2,0.0,0.0,0.022,graphcut
potholes461.png,0.0,Low,0,1,0.0,0.0,10.431,graphcut
potholes462.png,0.0,Low,0,1,0.0,0.0,3.061,graphcut
potholes463.png,0.005956,Low,3,5,0.2311,0.0479,8.857,graphcut
potholes464.png,0.002612,Low,3,1,0.0123,0.0123,0.022,graphcut
potholes465.png,0.001044,Low,1,1,0.0,0.0,0.022,graphcut
potholes466.png,0.0,Low,0,1,0.0,0.0,0.024,graphcut
potholes467.png,0.0,Low,0,5,0.0,0.0,3.134,graphcut
potholes468.png,0.0,Low,0,8,0.0,0.0,4.02,graphcut
potholes469.png,0.0,Low,0,2,0.0,0.0,10.268,graphcut
potholes47.png,0.0,Low,0,3,0.0,0.0,4.089,graphcut
potholes470.png,0.0,Low,0,1,0.0,0.0,1.79,graphcut
potholes471.png,0.0,Low,0,1,0.0,0.0,6.213,graphcut
potholes472.png,0.0,Low,0,1,0.0,0.0,1.363,graphcut
potholes473.png,0.0,Low,0,6,0.0,0.0,1.792,graphcut
potholes474.png,0.0,Low,0,3,0.0,0.0,1.507,graphcut
potholes475.png,0.0,Low,0,1,0.0,0.0,3.709,graphcut
potholes476.png,0.002744,Low,3,2,0.0,0.0,0.019,graphcut
potholes477.png,0.00245,Low,2,4,0.0,0.0,0.016,graphcut
potholes478.png,0.013935,Low,2,2,0.1487,0.113,3.51,graphcut
potholes479.png,0.0,Low,0,1,0.0,0.0,6.623,graphcut
potholes48.png,0.0009,Low,1,1,0.0,0.0,0.018,graphcut
potholes480.png,0.0,Low,0,2,0.0,0.0,6.785,graphcut
potholes481.png,0.0,Low,0,2,0.0,0.0,0.017,graphcut
potholes482.png,0.0,Low,0,2,0.0,0.0,6.272,graphcut
potholes483.png,0.0,Low,0,11,0.0,0.0,4.62,graphcut
potholes484.png,0.0,Low,0,2,0.0,0.0,4.046,graphcut
potholes485.png,0.0,Low,0,2,0.0,0.0,6.361,graphcut
potholes486.png,0.0,Low,0,6,0.0,0.0,5.313,graphcut
potholes487.png,0.0,Low,0,1,0.0,0.0,5.564,graphcut
potholes488.png,0.0,Low,0,1,0.0,0.0,4.613,graphcut
potholes489.png,0.0,Low,0,5,0.0,0.0,2.633,graphcut
potholes49.png,0.0,Low,0,2,0.0,0.0,5.365,graphcut
potholes490.png,0.0,Low,0,1,0.0,0.0,2.117,graphcut
potholes491.png,0.01,Low,2,2,0.0,0.0,1.949,graphcut
potholes492.png,0.0,Low,0,1,0.0,0.0,2.377,graphcut
potholes493.png,0.0,Low,0,2,0.0,0.0,2.022,graphcut
potholes494.png,0.0,Low,0,1,0.0,0.0,1.576,graphcut
potholes495.png,0.0,Low,0,1,0.0,0.0,2.005,graphcut
potholes496.png,0.0,Low,0,1,0.0,0.0,2.715,graphcut
potholes497.png,0.0,Low,0,1,0.0,0.0,2.873,graphcut
potholes498.png,0.0,Low,0,5,0.0,0.0,2.193,graphcut
potholes499.png,0.0,Low,0,7,0.0,0.0,1.333,graphcut
potholes5.png,0.000838,Low,1,1,0.0248,0.0248,0.015,graphcut
potholes50.png,0.005538,Low,3,1,0.0,0.0,6.278,graphcut
potholes500.png,0.0,Low,0,1,0.0,0.0,2.523,graphcut
potholes501.png,0.032442,Medium,3,5,0.6744,0.3687,1.882,graphcut
potholes502.png,0.0,Low,0,2,0.0,0.0,2.525,graphcut
potholes503.png,0.0,Low,0,2,0.0,0.0,2.349,graphcut
potholes504.png,0.0,Low,0,1,0.0,0.0,4.968,graphcut
potholes505.png,0.0,Low,0,13,0.0,0.0,2.725,graphcut
potholes506.png,0.000994,Low,1,5,0.0,0.0,0.018,graphcut
potholes507.png,0.0,Low,0,1,0.0,0.0,5.872,graphcut
potholes508.png,0.0,Low,0,2,0.0,0.0,1.254,graphcut
potholes509.png,0.001875,Low,2,3,0.0,0.0,0.018,graphcut
potholes51.png,0.0,Low,0,1,0.0,0.0,6.81,graphcut
potholes510.png,0.0,Low,0,1,0.0,0.0,4.868,graphcut
potholes511.png,0.0,Low,0,4,0.0,0.0,5.078,graphcut
potholes512.png,0.0026,Low,2,1,0.0,0.0,0.015,graphcut
potholes513.png,0.0,Low,0,1,0.0,0.0,6.442,graphcut
potholes514.png,0.0,Low,0,2,0.0,0.0,4.812,graphcut
potholes515.png,0.001,Low,1,1,0.0,0.0,0.017,graphcut
potholes516.png,0.0,Low,0,2,0.0,0.0,2.921,graphcut
potholes517.png,0.0,Low,0,3,0.0,0.0,2.616,graphcut
potholes518.png,0.0,Low,0,3,0.0,0.0,6.591,graphcut
potholes519.png,0.0,Low,0,6,0.0,0.0,2.393,graphcut
potholes52.png,0.007244,Low,1,1,0.0,0.0,6.051,graphcut
potholes520.png,0.0,Low,0,19,0.0,0.0,5.139,graphcut
potholes521.png,0.0,Low,0,1,0.0,0.0,1.685,graphcut
potholes522.png,0.044096,Medium,4,2,0.0,0.0,1.915,graphcut
potholes523.png,0.0,Low,0,2,0.0,0.0,2.832,graphcut
potholes524.png,0.0,Low,0,1,0.0,0.0,5.255,graphcut
potholes525.png,0.0,Low,0,4,0.0,0.0,3.849,graphcut
potholes526.png,0.0,Low,0,7,0.0,0.0,0.99,graphcut
potholes527.png,0.0,Low,0,2,0.0,0.0,2.038,graphcut
potholes528.png,0.0,Low,0,2,0.0,0.0,0.02,graphcut
potholes529.png,0.0,Low,0,1,0.0,0.0,4.211,graphcut
potholes53.png,0.0,Low,0,5,0.0,0.0,2.052,graphcut
potholes530.png,0.0,Low,0,1,0.0,0.0,3.588,graphcut
potholes531.png,0.0,Low,0,2,0.0,0.0,4.21,graphcut
potholes532.png,0.0,Low,0,1,0.0,0.0,0.016,graphcut
potholes533.png,0.000769,Low,1,1,0.0,0.0,0.033,graphcut
potholes534.png,0.0,Low,0,7,0.0,0.0,2.318,graphcut
potholes535.png,0.0,Low,0,8,0.0,0.0,1.183,graphcut
potholes536.png,0.0,Low,0,2,0.0,0.0,4.809,graphcut
potholes537.png,0.003656,Low,2,3,0.0,0.0,3.394,graphcut
potholes538.png,0.0,Low,0,5,0.0,0.0,4.053,graphcut
potholes539.png,0.0,Low,0,1,0.0,0.0,2.43,graphcut
potholes54.png,0.0,Low,0,1,0.0,0.0,1.612,graphcut
potholes540.png,0.0,Low,0,1,0.0,0.0,1.919,graphcut
potholes541.png,0.0,Low,0,2,0.0,0.0,3.108,graphcut
potholes542.png,0.0,Low,0,4,0.0,0.0,3.883,graphcut
potholes543.png,0.0,Low,0,1,0.0,0.0,2.322,graphcut
potholes544.png,0.071793,Medium,3,3,0.1407,0.0486,1.879,graphcut
potholes545.png,0.0,Low,0,3,0.0,0.0,2.162,graphcut
potholes546.png,0.0,Low,0,1,0.0,0.0,3.993,graphcut
potholes547.png,0.0,Low,0,4,0.0,0.0,2.292,graphcut
potholes548.png,0.0,Low,0,1,0.0,0.0,1.514,graphcut
potholes549.png,0.0,Low,0,3,0.0,0.0,4.488,graphcut
potholes55.png,0.0,Low,0,1,0.0,0.0,0.016,graphcut
potholes550.png,0.0,Low,0,2,0.0,0.0,4.231,graphcut
potholes551.png,0.0,Low,0,1,0.0,0.0,4.419,graphcut
potholes552.png,0.0,Low,0,5,0.0,0.0,7.771,graphcut
potholes553.png,0.0,Low,0,1,0.0,0.0,2.437,graphcut
potholes554.png,0.0,Low,0,1,0.0,0.0,7.712,graphcut
potholes555.png,0.0,Low,0,1,0.0,0.0,0.016,graphcut
potholes556.png,0.0,Low,0,2,0.0,0.0,3.259,graphcut
potholes557.png,0.000825,Low,1,2,0.0144,0.0072,7.769,graphcut
potholes558.png,0.0,Low,0,1,0.0,0.0,7.829,graphcut
potholes559.png,0.003388,Low,3,2,0.0722,0.0361,0.016,graphcut
potholes56.png,0.001006,Low,1,3,0.0,0.0,7.491,graphcut
potholes560.png,0.0,Low,0,1,0.0,0.0,7.446,graphcut
potholes561.png,0.0,Low,0,2,0.0,0.0,0.019,graphcut
potholes562.png,0.0,Low,0,2,0.0,0.0,4.416,graphcut
potholes563.png,0.0,Low,0,2,0.0,0.0,7.795,graphcut
potholes564.png,0.0,Low,0,1,0.0,0.0,4.33,graphcut
potholes565.png,0.008319,Low,6,1,0.0385,0.0385,0.009,graphcut
potholes566.png,0.004019,Low,1,2,0.0253,0.0127,7.264,graphcut
potholes567.png,0.0,Low,0,1,0.0,0.0,3.502,graphcut
potholes568.png,0.0,Low,0,1,0.0,0.0,2.985,graphcut
potholes569.png,0.0,Low,0,1,0.0,0.0,4.455,graphcut
potholes57.png,0.0,Low,0,1,0.0,0.0,1.584,graphcut
potholes570.png,0.0,Low,0,3,0.0,0.0,6.111,graphcut
potholes571.png,0.0,Low,0,1,0.0,0.0,4.309,graphcut
potholes572.png,0.002819,Low,2,1,0.0,0.0,7.544,graphcut
potholes573.png,0.0,Low,0,2,0.0,0.0,1.455,graphcut
potholes574.png,0.0,Low,0,7,0.0,0.0,2.65,graphcut
potholes575.png,0.009556,Low,3,5,0.1719,0.0408,6.873,graphcut
potholes576.png,0.0,Low,0,2,0.0,0.0,7.53,graphcut
potholes577.png,0.0,Low,0,1,0.0,0.0,7.593,graphcut
potholes578.png,0.000788,Low,1,3,0.0,0.0,0.015,graphcut
potholes579.png,0.014569,Low,2,3,0.0,0.0,7.323,graphcut
potholes58.png,0.0,Low,0,3,0.0,0.0,4.419,graphcut
potholes580.png,0.0,Low,0,3,0.0,0.0,0.018,graphcut
potholes581.png,0.0,Low,0,1,0.0,0.0,7.753,graphcut
potholes582.png,0.0,Low,0,1,0.0,0.0,4.384,graphcut
potholes583.png,0.000925,Low,1,3,0.0198,0.0066,0.016,graphcut
potholes584.png,0.0,Low,0,4,0.0,0.0,0.016,graphcut
potholes585.png,0.0,Low,0,2,0.0,0.0,1.883,graphcut
potholes586.png,0.0,Low,0,2,0.0,0.0,3.257,graphcut
potholes587.png,0.0,Low,0,1,0.0,0.0,3.492,graphcut
potholes588.png,0.0,Low,0,2,0.0,0.0,3.512,graphcut
potholes589.png,0.0,Low,0,1,0.0,0.0,3.415,graphcut
potholes59.png,0.0,Low,0,1,0.0,0.0,3.478,graphcut
potholes590.png,0.0,Low,0,4,0.0,0.0,2.369,graphcut
potholes591.png,0.0,Low,0,2,0.0,0.0,4.405,graphcut
potholes592.png,0.0,Low,0,1,0.0,0.0,2.399,graphcut
potholes593.png,0.0,Low,0,1,0.0,0.0,2.477,graphcut
potholes594.png,0.0,Low,0,1,0.0,0.0,3.482,graphcut
potholes595.png,0.0,Low,0,1,0.0,0.0,2.419,graphcut
potholes596.png,0.0,Low,0,2,0.0,0.0,3.487,graphcut
potholes597.png,0.061978,Medium,1,7,0.0,0.0,3.025,graphcut
potholes598.png,0.0,Low,0,1,0.0,0.0,4.33,graphcut
potholes599.png,0.0,Low,0,3,0.0,0.0,3.357,graphcut
potholes6.png,0.0,Low,0,1,0.0,0.0,7.627,graphcut
potholes60.png,0.0,Low,0,1,0.0,0.0,3.36,graphcut
potholes600.png,0.0,Low,0,2,0.0,0.0,7.683,graphcut
potholes601.png,0.02183,Medium,4,2,0.0628,0.0314,3.196,graphcut
potholes602.png,0.0,Low,0,1,0.0,0.0,2.819,graphcut
potholes603.png,0.0,Low,0,1,0.0,0.0,7.775,graphcut
potholes604.png,0.0,Low,0,2,0.0,0.0,0.017,graphcut
potholes605.png,0.0,Low,0,1,0.0,0.0,7.751,graphcut
potholes606.png,0.00075,Low,1,3,0.0296,0.0099,0.019,graphcut
potholes607.png,0.0,Low,0,2,0.0,0.0,7.738,graphcut
potholes608.png,0.0,Low,0,1,0.0,0.0,7.624,graphcut
potholes609.png,0.0008,Low,1,2,0.0,0.0,0.015,graphcut
potholes61.png,0.0,Low,0,1,0.0,0.0,2.462,graphcut
potholes610.png,0.0,Low,0,7,0.0,0.0,4.184,graphcut
potholes611.png,0.0,Low,0,3,0.0,0.0,7.757,graphcut
potholes612.png,0.0,Low,0,1,0.0,0.0,7.763,graphcut
potholes613.png,0.0,Low,0,2,0.0,0.0,4.305,graphcut
potholes614.png,0.008382,Low,7,1,0.0062,0.0062,0.007,graphcut
potholes615.png,0.0,Low,0,3,0.0,0.0,2.422,graphcut
potholes616.png,0.0,Low,0,2,0.0,0.0,2.843,graphcut
potholes617.png,0.0,Low,0,2,0.0,0.0,2.363,graphcut
potholes618.png,0.037356,Medium,5,5,0.3028,0.0944,2.923,graphcut
potholes619.png,0.0,Low,0,3,0.0,0.0,0.015,graphcut
potholes62.png,0.021307,Medium,15,2,0.0411,0.0309,0.008,graphcut
potholes620.png,0.0,Low,0,1,0.0,0.0,6.969,graphcut
potholes621.png,0.0,Low,0,17,0.0,0.0,4.297,graphcut
potholes622.png,0.0,Low,0,1,0.0,0.0,3.241,graphcut
potholes623.png,0.0,Low,0,2,0.0,0.0,7.702,graphcut
potholes624.png,0.0,Low,0,4,0.0,0.0,7.764,graphcut
potholes625.png,0.002638,Low,3,3,0.0184,0.0061,0.015,graphcut
potholes626.png,0.0,Low,0,2,0.0,0.0,7.775,graphcut
potholes627.png,0.0,Low,0,1,0.0,0.0,7.555,graphcut
potholes628.png,0.0,Low,0,2,0.0,0.0,7.69,graphcut
potholes629.png,0.0,Low,0,7,0.0,0.0,2.391,graphcut
potholes63.png,0.0,Low,0,6,0.0,0.0,5.447,graphcut
potholes630.png,0.0,Low,0,11,0.0,0.0,3.796,graphcut
potholes631.png,0.0,Low,0,1,0.0,0.0,7.854,graphcut
potholes632.png,0.0,Low,0,2,0.0,0.0,7.664,graphcut
potholes633.png,0.0,Low,0,2,0.0,0.0,3.273,graphcut
potholes634.png,0.0,Low,0,7,0.0,0.0,3.822,graphcut
potholes635.png,0.002545,Low,2,3,0.1112,0.0371,0.007,graphcut
potholes636.png,0.0,Low,0,5,0.0,0.0,2.501,graphcut
potholes637.png,0.0,Low,0,2,0.0,0.0,3.467,graphcut
potholes638.png,0.0,Low,0,1,0.0,0.0,1.921,graphcut
potholes639.png,0.0,Low,0,1,0.0,0.0,3.02,graphcut
potholes64.png,0.017778,Low,2,1,0.0,0.0,3.01,graphcut
potholes640.png,0.0,Low,0,5,0.0,0.0,4.236,graphcut
potholes641.png,0.001917,Low,1,2,0.0496,0.0248,0.007,graphcut
potholes642.png,0.003292,Low,1,1,0.3574,0.3574,4.344,graphcut
potholes643.png,0.0,Low,0,3,0.0,0.0,3.416,graphcut
potholes644.png,0.0,Low,0,1,0.0,0.0,7.658,graphcut
potholes645.png,0.0,Low,0,1,0.0,0.0,2.507,graphcut
potholes646.png,0.0,Low,0,1,0.0,0.0,2.435,graphcut
potholes647.png,0.0,Low,0,3,0.0,0.0,3.455,graphcut
potholes648.png,0.011175,Low,1,2,0.0,0.0,7.445,graphcut
potholes649.png,0.0,Low,0,3,0.0,0.0,3.306,graphcut
potholes65.png,0.0,Low,0,1,0.0,0.0,2.458,graphcut
potholes650.png,0.0,Low,0,3,0.0,0.0,2.358,graphcut
potholes651.png,0.0,Low,0,1,0.0,0.0,7.753,graphcut
potholes652.png,0.001744,Low,1,1,0.0,0.0,0.008,graphcut
potholes653.png,0.0,Low,0,1,0.0,0.0,0.015,graphcut
potholes654.png,0.0,Low,0,1,0.0,0.0,7.685,graphcut
potholes655.png,0.0,Low,0,1,0.0,0.0,0.017,graphcut
potholes656.png,0.0,Low,0,6,0.0,0.0,7.323,graphcut
potholes657.png,0.001781,Low,2,1,0.0225,0.0225,0.015,graphcut
potholes658.png,0.0,Low,0,3,0.0,0.0,4.44,graphcut
potholes659.png,0.0,Low,0,2,0.0,0.0,7.774,graphcut
potholes66.png,0.0,Low,0,1,0.0,0.0,3.675,graphcut
potholes660.png,0.0,Low,0,1,0.0,0.0,0.015,graphcut
potholes661.png,0.0,Low,0,2,0.0,0.0,3.43,graphcut
potholes662.png,0.0,Low,0,1,0.0,0.0,7.75,graphcut
potholes663.png,0.009259,Low,6,2,0.0691,0.0436,0.01,graphcut
potholes664.png,0.0,Low,0,1,0.0,0.0,2.445,graphcut
potholes67.png,0.0,Low,0,1,0.0,0.0,2.773,graphcut
potholes68.png,0.0,Low,0,14,0.0,0.0,3.458,graphcut
potholes69.png,0.0,Low,0,2,0.0,0.0,7.794,graphcut
potholes7.png,0.001881,Low,2,1,0.022,0.022,0.015,graphcut
potholes70.png,0.0,Low,0,1,0.0,0.0,2.556,graphcut
potholes71.png,0.0017,Low,2,1,0.0148,0.0148,0.016,graphcut
potholes72.png,0.0,Low,0,2,0.0,0.0,7.781,graphcut
potholes73.png,0.0,Low,0,5,0.0,0.0,3.488,graphcut
potholes74.png,0.000788,Low,1,2,0.0332,0.0166,0.015,graphcut
potholes75.png,0.001819,Low,1,5,0.0,0.0,7.67,graphcut
potholes76.png,0.0,Low,0,2,0.0,0.0,7.714,graphcut
potholes77.png,0.003675,Low,2,2,0.0,0.0,7.704,graphcut
potholes78.png,0.0,Low,0,1,0.0,0.0,0.015,graphcut
potholes79.png,0.0,Low,0,2,0.0,0.0,3.397,graphcut
potholes8.png,0.0,Low,0,3,0.0,0.0,7.604,graphcut
potholes80.png,0.0,Low,0,1,0.0,0.0,7.618,graphcut
potholes81.png,0.0,Low,0,9,0.0,0.0,2.912,graphcut
potholes82.png,0.0,Low,0,4,0.0,0.0,3.47,graphcut
potholes83.png,0.0,Low,0,2,0.0,0.0,7.634,graphcut
potholes84.png,0.017008,Low,3,3,0.0,0.0,4.169,graphcut
potholes85.png,0.0,Low,0,7,0.0,0.0,0.015,graphcut
potholes86.png,0.0,Low,0,5,0.0,0.0,4.339,graphcut
potholes87.png,0.0,Low,0,5,0.0,0.0,2.389,graphcut
potholes88.png,0.0,Low,0,3,0.0,0.0,7.767,graphcut
potholes89.png,0.0,Low,0,1,0.0,0.0,7.66,graphcut
potholes9.png,0.001619,Low,2,1,0.0,0.0,0.017,graphcut
potholes90.png,0.0,Low,0,2,0.0,0.0,7.771,graphcut
potholes91.png,0.001462,Low,1,2,0.0,0.0,0.018,graphcut
potholes92.png,0.0,Low,0,1,0.0,0.0,7.658,graphcut
potholes93.png,0.0,Low,0,1,0.0,0.0,7.649,graphcut
potholes94.png,0.0,Low,0,2,0.0,0.0,7.443,graphcut
potholes95.png,0.0,Low,0,4,0.0,0.0,4.434,graphcut
potholes96.png,0.0,Low,0,1,0.0,0.0,7.692,graphcut
potholes97.png,0.0,Low,0,4,0.0,0.0,7.585,graphcut
potholes98.png,0.034333,Medium,1,1,0.1749,0.1749,1.844,graphcut
potholes99.png,0.0,Low,0,5,0.0,0.0,2.722,graphcut
